Record Type,Date,Time (system on),Time (system off),Upload (MB),Download (MB),Total (MB),Apps Used,Application,Month
DailyState,2025-05-28,,,42.91,389.41,2.32,,,
DailyState,2025-05-28,,,42.91,389.41,4.25,,,
DailyState,2025-05-28,,,42.91,389.41,34.09,,,
App,2025-05-28,,,549.19,5048.15,,,LockApp.exe,
App,2025-05-28,,,666.18,6068.99,,,Code.exe,
App,2025-05-28,,,3768.07,34402.26,,,svchost.exe,
App,2025-05-28,,,1731.07,15723.88,,,WhatsApp.exe,
App,2025-05-28,,,986.87,9016.32,,,Dropbox.exe,
App,2025-05-28,,,91.53,841.35,,,services.exe,
App,2025-05-28,,,179.17,1638.37,,,NortonSecurity.exe,
App,2025-05-28,,,320.38,2944.85,,,System,
App,2025-05-28,,,6877.75,62473.99,,,chrome.exe,
App,2025-05-28,,,91.53,841.36,,,lsass.exe,
App,2025-05-28,,,45.76,420.66,,,ollama.exe,
App,2025-05-28,,,307.76,2783.26,,,wpscloudsvr.exe,
App,2025-05-28,,,91.53,841.36,,,wininit.exe,
App,2025-05-28,,,91.54,841.37,,,spoolsv.exe,
App,2025-05-28,,,91.54,841.38,,,Bridge_Service.exe,
App,2025-05-28,,,182.32,1673.5,,,SearchApp.exe,
App,2025-05-28,,,183.08,1682.8,,,dasHost.exe,
App,2025-05-28,,,91.01,835.46,,,cloudcode_cli.exe,
App,2025-05-28,,,43.93,395.18,,,smartscreen.exe,
App,2025-05-28,,,45.76,420.66,,,et.exe,
App,2025-05-28,,,45.76,420.66,,,wps.exe,
App,2025-05-28,,,87.4,787.65,,,promecefpluginhost.exe,
App,2025-05-28,,,45.04,412.06,,,SDXHelper.exe,
App,2025-05-28,,,45.48,417.35,,,MpDefenderCoreService.exe,
App,2025-05-28,,,44.21,401.64,,,MsMpEng.exe,
App,2025-05-28,,,44.23,401.92,,,gamingservices.exe,
App,2025-05-28,,,44.74,408.43,,,FileCoAuth.exe,
App,2025-05-28,,,91.06,835.62,,,backgroundTaskHost.exe,
App,2025-05-28,,,91.53,841.36,,,explorer.exe,
DailyState,2025-05-28,,,42.91,389.41,36.4,,,
DailyState,2025-05-28,,,42.91,389.41,38.35,,,
DailyState,2025-05-28,,,42.91,389.41,39.61,,,
DailyState,2025-05-28,,,42.91,389.41,39.67,,,
App,2025-05-28,,,557.02,5110.16,,,LockApp.exe,
App,2025-05-28,,,666.99,6076.67,,,Code.exe,
App,2025-05-28,,,4524.63,41325.99,,,svchost.exe,
App,2025-05-28,,,2522.5,22987.69,,,WhatsApp.exe,
App,2025-05-28,,,1040.33,9498.64,,,Dropbox.exe,
App,2025-05-28,,,92.84,851.69,,,services.exe,
App,2025-05-28,,,226.23,2069.38,,,NortonSecurity.exe,
App,2025-05-28,,,324.93,2980.93,,,System,
App,2025-05-28,,,8269.69,75250.95,,,chrome.exe,
App,2025-05-28,,,92.84,851.69,,,lsass.exe,
App,2025-05-28,,,46.42,425.85,,,ollama.exe,
App,2025-05-28,,,584.56,5326.26,,,wpscloudsvr.exe,
App,2025-05-28,,,92.84,851.69,,,wininit.exe,
App,2025-05-28,,,92.84,851.69,,,spoolsv.exe,
App,2025-05-28,,,92.84,851.69,,,Bridge_Service.exe,
App,2025-05-28,,,184.27,1688.94,,,SearchApp.exe,
App,2025-05-28,,,185.67,1703.39,,,dasHost.exe,
App,2025-05-28,,,91.01,835.46,,,cloudcode_cli.exe,
App,2025-05-28,,,46.32,425.63,,,smartscreen.exe,
App,2025-05-28,,,45.95,422.37,,,et.exe,
App,2025-05-28,,,45.95,422.37,,,wps.exe,
App,2025-05-28,,,89.57,815.97,,,promecefpluginhost.exe,
App,2025-05-28,,,46.42,425.85,,,SDXHelper.exe,
App,2025-05-28,,,46.31,425.62,,,MpDefenderCoreService.exe,
App,2025-05-28,,,44.21,401.64,,,MsMpEng.exe,
App,2025-05-28,,,44.23,401.92,,,gamingservices.exe,
App,2025-05-28,,,44.74,408.43,,,FileCoAuth.exe,
App,2025-05-28,,,91.3,837.66,,,backgroundTaskHost.exe,
App,2025-05-28,,,138.81,1274.87,,,explorer.exe,
DailyState,2025-05-28,,,42.91,389.41,39.95,,,
DailyState,2025-05-28,,,42.91,389.41,40.08,,,
DailyState,2025-05-28,,,42.91,389.41,40.14,,,
DailyState,2025-05-28,,,42.91,389.41,40.21,,,
DailyState,2025-05-28,,,42.91,389.41,40.26,,,
App,2025-05-28,,,559.96,5112.06,,,LockApp.exe,
App,2025-05-28,,,667.16,6077.01,,,Code.exe,
App,2025-05-28,,,6022.48,54961.91,,,svchost.exe,
App,2025-05-28,,,2526.18,22990.07,,,WhatsApp.exe,
App,2025-05-28,,,1042.94,9500.38,,,Dropbox.exe,
App,2025-05-28,,,93.33,852.01,,,services.exe,
App,2025-05-28,,,273.15,2495.56,,,NortonSecurity.exe,
App,2025-05-28,,,326.64,2982.04,,,System,
App,2025-05-28,,,9808.61,89309.52,,,chrome.exe,
App,2025-05-28,,,93.33,852.01,,,lsass.exe,
App,2025-05-28,,,46.66,426.01,,,ollama.exe,
App,2025-05-28,,,584.8,5326.42,,,wpscloudsvr.exe,
App,2025-05-28,,,93.33,852.01,,,wininit.exe,
App,2025-05-28,,,93.33,852.01,,,spoolsv.exe,
App,2025-05-28,,,93.33,852.01,,,Bridge_Service.exe,
App,2025-05-28,,,185.0,1689.42,,,SearchApp.exe,
App,2025-05-28,,,186.65,1704.02,,,dasHost.exe,
App,2025-05-28,,,91.01,835.46,,,cloudcode_cli.exe,
App,2025-05-28,,,46.32,425.63,,,smartscreen.exe,
App,2025-05-28,,,45.95,422.37,,,et.exe,
App,2025-05-28,,,45.95,422.37,,,wps.exe,
App,2025-05-28,,,89.57,815.97,,,promecefpluginhost.exe,
App,2025-05-28,,,46.42,425.85,,,SDXHelper.exe,
App,2025-05-28,,,46.31,425.62,,,MpDefenderCoreService.exe,
App,2025-05-28,,,44.21,401.64,,,MsMpEng.exe,
App,2025-05-28,,,44.23,401.92,,,gamingservices.exe,
App,2025-05-28,,,44.74,408.43,,,FileCoAuth.exe,
App,2025-05-28,,,91.3,837.66,,,backgroundTaskHost.exe,
App,2025-05-28,,,138.85,1274.96,,,explorer.exe,
DailyState,2025-05-28,,,42.91,389.41,40.36,,,
DailyState,2025-05-28,,,42.91,389.41,43.66,,,
DailyState,2025-05-28,,,42.91,389.41,46.64,,,
DailyState,2025-05-28,,,42.91,389.41,48.4,,,
DailyState,2025-05-28,,,42.91,389.41,49.89,,,
App,2025-05-28,,,571.6,5232.29,,,LockApp.exe,
App,2025-05-28,,,715.31,6515.62,,,Code.exe,
App,2025-05-28,,,8305.64,75845.62,,,svchost.exe,
App,2025-05-28,,,3384.53,30837.59,,,WhatsApp.exe,
App,2025-05-28,,,1146.91,10462.6,,,Dropbox.exe,
App,2025-05-28,,,95.27,872.05,,,services.exe,
App,2025-05-28,,,321.77,2941.6,,,NortonSecurity.exe,
App,2025-05-28,,,333.43,3052.17,,,System,
App,2025-05-28,,,13160.73,119895.48,,,chrome.exe,
App,2025-05-28,,,95.27,872.05,,,lsass.exe,
App,2025-05-28,,,47.63,436.02,,,ollama.exe,
App,2025-05-28,,,585.78,5336.44,,,wpscloudsvr.exe,
App,2025-05-28,,,95.27,872.05,,,wininit.exe,
App,2025-05-28,,,95.27,872.05,,,spoolsv.exe,
App,2025-05-28,,,95.27,872.05,,,Bridge_Service.exe,
App,2025-05-28,,,187.91,1719.47,,,SearchApp.exe,
App,2025-05-28,,,190.53,1744.1,,,dasHost.exe,
App,2025-05-28,,,91.01,835.46,,,cloudcode_cli.exe,
App,2025-05-28,,,46.32,425.63,,,smartscreen.exe,
App,2025-05-28,,,45.95,422.37,,,et.exe,
App,2025-05-28,,,45.95,422.37,,,wps.exe,
App,2025-05-28,,,89.57,815.97,,,promecefpluginhost.exe,
App,2025-05-28,,,47.63,436.02,,,SDXHelper.exe,
App,2025-05-28,,,46.31,425.62,,,MpDefenderCoreService.exe,
App,2025-05-28,,,44.21,401.64,,,MsMpEng.exe,
App,2025-05-28,,,44.23,401.92,,,gamingservices.exe,
App,2025-05-28,,,44.74,408.43,,,FileCoAuth.exe,
App,2025-05-28,,,187.02,1708.93,,,backgroundTaskHost.exe,
App,2025-05-28,,,138.85,1274.96,,,explorer.exe,
App,2025-05-28,,,140.14,1278.02,,,msedge.exe,
DailyState,2025-05-28,,,42.91,389.41,51.38,,,
DailyState,2025-05-28,,,42.91,389.41,53.2,,,
DailyState,2025-05-28,,,42.91,389.41,54.79,,,
DailyState,2025-05-28,,,42.91,389.41,56.36,,,
DailyState,2025-05-28,,,42.91,389.41,57.98,,,
App,2025-05-28,,,579.81,5319.45,,,LockApp.exe,
App,2025-05-28,,,763.86,6960.96,,,Code.exe,
App,2025-05-28,,,8710.55,79583.86,,,svchost.exe,
App,2025-05-28,,,5116.59,46716.56,,,WhatsApp.exe,
App,2025-05-28,,,1202.75,10985.78,,,Dropbox.exe,
App,2025-05-28,,,96.64,886.58,,,services.exe,
App,2025-05-28,,,371.04,3394.9,,,NortonSecurity.exe,
App,2025-05-28,,,338.24,3103.08,,,System,
App,2025-05-28,,,13791.91,125690.78,,,chrome.exe,
App,2025-05-28,,,96.64,886.58,,,lsass.exe,
App,2025-05-28,,,48.31,443.27,,,ollama.exe,
App,2025-05-28,,,586.46,5343.72,,,wpscloudsvr.exe,
App,2025-05-28,,,96.64,886.58,,,wininit.exe,
App,2025-05-28,,,96.63,886.55,,,spoolsv.exe,
App,2025-05-28,,,96.64,886.58,,,Bridge_Service.exe,
App,2025-05-28,,,189.97,1741.29,,,SearchApp.exe,
App,2025-05-28,,,193.28,1773.19,,,dasHost.exe,
App,2025-05-28,,,91.01,835.46,,,cloudcode_cli.exe,
App,2025-05-28,,,46.32,425.63,,,smartscreen.exe,
App,2025-05-28,,,45.95,422.37,,,et.exe,
App,2025-05-28,,,45.95,422.37,,,wps.exe,
App,2025-05-28,,,89.57,815.97,,,promecefpluginhost.exe,
App,2025-05-28,,,47.63,436.02,,,SDXHelper.exe,
App,2025-05-28,,,46.31,425.62,,,MpDefenderCoreService.exe,
App,2025-05-28,,,44.21,401.64,,,MsMpEng.exe,
App,2025-05-28,,,44.23,401.92,,,gamingservices.exe,
App,2025-05-28,,,44.74,408.43,,,FileCoAuth.exe,
App,2025-05-28,,,187.02,1708.93,,,backgroundTaskHost.exe,
App,2025-05-28,,,138.85,1274.96,,,explorer.exe,
App,2025-05-28,,,140.14,1278.02,,,msedge.exe,
DailyState,2025-05-28,,,42.91,389.41,59.58,,,
DailyState,2025-05-28,,,42.91,389.41,61.2,,,
DailyState,2025-05-28,,,42.91,389.41,63.02,,,
DailyState,2025-05-28,,,42.91,389.41,65.38,,,
DailyState,2025-05-28,,,42.91,389.41,67.57,,,
App,2025-05-28,,,599.74,5419.72,,,LockApp.exe,
App,2025-05-28,,,1956.83,17749.81,,,Code.exe,
App,2025-05-28,,,9695.04,88355.69,,,svchost.exe,
App,2025-05-28,,,5141.51,46841.96,,,WhatsApp.exe,
App,2025-05-28,,,1221.0,11077.35,,,Dropbox.exe,
App,2025-05-28,,,99.95,903.28,,,services.exe,
App,2025-05-28,,,374.36,3411.63,,,NortonSecurity.exe,
App,2025-05-28,,,349.87,3161.54,,,System,
App,2025-05-28,,,15090.49,137428.14,,,chrome.exe,
App,2025-05-28,,,99.96,903.3,,,lsass.exe,
App,2025-05-28,,,49.97,451.63,,,ollama.exe,
App,2025-05-28,,,588.13,5352.07,,,wpscloudsvr.exe,
App,2025-05-28,,,99.96,903.29,,,wininit.exe,
App,2025-05-28,,,99.96,903.29,,,spoolsv.exe,
App,2025-05-28,,,99.96,903.29,,,Bridge_Service.exe,
App,2025-05-28,,,194.96,1766.35,,,SearchApp.exe,
App,2025-05-28,,,199.93,1806.6,,,dasHost.exe,
App,2025-05-28,,,148.87,1350.94,,,cloudcode_cli.exe,
App,2025-05-28,,,46.32,425.63,,,smartscreen.exe,
App,2025-05-28,,,45.95,422.37,,,et.exe,
App,2025-05-28,,,45.95,422.37,,,wps.exe,
App,2025-05-28,,,89.57,815.97,,,promecefpluginhost.exe,
App,2025-05-28,,,49.96,451.58,,,SDXHelper.exe,
App,2025-05-28,,,46.31,425.62,,,MpDefenderCoreService.exe,
App,2025-05-28,,,44.21,401.64,,,MsMpEng.exe,
App,2025-05-28,,,44.23,401.92,,,gamingservices.exe,
App,2025-05-28,,,49.02,447.88,,,FileCoAuth.exe,
App,2025-05-28,,,238.23,2164.29,,,backgroundTaskHost.exe,
App,2025-05-28,,,138.85,1274.96,,,explorer.exe,
App,2025-05-28,,,140.14,1278.02,,,msedge.exe,
App,2025-05-28,,,349.85,3161.51,,,node.exe,
DailyState,2025-05-28,,,42.91,389.41,69.77,,,
DailyState,2025-05-28,,,42.91,389.41,71.55,,,
DailyState,2025-05-28,,,42.91,389.41,73.39,,,
DailyState,2025-05-28,,,42.91,389.41,75.24,,,
DailyState,2025-05-28,,,42.91,389.41,76.87,,,
App,2025-05-28,,,610.6,5512.92,,,LockApp.exe,
App,2025-05-28,,,2460.96,22298.68,,,Code.exe,
App,2025-05-28,,,10735.27,97729.14,,,svchost.exe,
App,2025-05-28,,,5155.06,46958.42,,,WhatsApp.exe,
App,2025-05-28,,,1331.51,12073.63,,,Dropbox.exe,
App,2025-05-28,,,101.77,918.82,,,services.exe,
App,2025-05-28,,,375.29,3419.42,,,NortonSecurity.exe,
App,2025-05-28,,,356.18,3215.87,,,System,
App,2025-05-28,,,16363.81,148912.23,,,chrome.exe,
App,2025-05-28,,,101.77,918.82,,,lsass.exe,
App,2025-05-28,,,50.88,459.41,,,ollama.exe,
App,2025-05-28,,,589.02,5359.82,,,wpscloudsvr.exe,
App,2025-05-28,,,101.77,918.82,,,wininit.exe,
App,2025-05-28,,,101.77,918.82,,,spoolsv.exe,
App,2025-05-28,,,101.77,918.82,,,Bridge_Service.exe,
App,2025-05-28,,,197.66,1789.63,,,SearchApp.exe,
App,2025-05-28,,,203.53,1837.64,,,dasHost.exe,
App,2025-05-28,,,148.87,1350.94,,,cloudcode_cli.exe,
App,2025-05-28,,,46.32,425.63,,,smartscreen.exe,
App,2025-05-28,,,45.95,422.37,,,et.exe,
App,2025-05-28,,,45.95,422.37,,,wps.exe,
App,2025-05-28,,,89.57,815.97,,,promecefpluginhost.exe,
App,2025-05-28,,,49.96,451.58,,,SDXHelper.exe,
App,2025-05-28,,,46.31,425.62,,,MpDefenderCoreService.exe,
App,2025-05-28,,,44.21,401.64,,,MsMpEng.exe,
App,2025-05-28,,,44.23,401.92,,,gamingservices.exe,
App,2025-05-28,,,49.02,447.88,,,FileCoAuth.exe,
App,2025-05-28,,,238.23,2164.29,,,backgroundTaskHost.exe,
App,2025-05-28,,,138.85,1274.96,,,explorer.exe,
App,2025-05-28,,,140.14,1278.02,,,msedge.exe,
App,2025-05-28,,,915.01,8260.52,,,node.exe,
App,2025-05-28,,,50.09,452.69,,,git-remote-https.exe,
DailyState,2025-05-28,,,42.91,389.41,78.44,,,
DailyState,2025-05-28,,,42.91,389.41,80.28,,,
DailyState,2025-05-28,,,42.91,389.41,82.07,,,
DailyState,2025-05-28,,,42.91,389.41,83.9,,,
DailyState,2025-05-28,,,42.91,389.41,85.81,,,
App,2025-05-28,,,620.76,5613.47,,,LockApp.exe,
App,2025-05-28,,,2461.59,22304.86,,,Code.exe,
App,2025-05-28,,,11788.51,107269.75,,,svchost.exe,
App,2025-05-28,,,6136.04,55814.78,,,WhatsApp.exe,
App,2025-05-28,,,1392.44,12632.34,,,Dropbox.exe,
App,2025-05-28,,,103.46,935.58,,,services.exe,
App,2025-05-28,,,427.87,3895.59,,,NortonSecurity.exe,
App,2025-05-28,,,362.11,3274.53,,,System,
App,2025-05-28,,,17142.29,155950.75,,,chrome.exe,
App,2025-05-28,,,103.46,935.58,,,lsass.exe,
App,2025-05-28,,,51.73,467.79,,,ollama.exe,
App,2025-05-28,,,896.65,8137.34,,,wpscloudsvr.exe,
App,2025-05-28,,,103.46,935.58,,,wininit.exe,
App,2025-05-28,,,103.46,935.58,,,spoolsv.exe,
App,2025-05-28,,,103.46,935.58,,,Bridge_Service.exe,
App,2025-05-28,,,200.2,1814.77,,,SearchApp.exe,
App,2025-05-28,,,206.92,1871.16,,,dasHost.exe,
App,2025-05-28,,,148.87,1350.94,,,cloudcode_cli.exe,
App,2025-05-28,,,51.46,464.97,,,smartscreen.exe,
App,2025-05-28,,,101.98,920.8,,,et.exe,
App,2025-05-28,,,51.06,461.04,,,wps.exe,
App,2025-05-28,,,145.74,1315.84,,,promecefpluginhost.exe,
App,2025-05-28,,,51.72,467.59,,,SDXHelper.exe,
App,2025-05-28,,,46.31,425.62,,,MpDefenderCoreService.exe,
App,2025-05-28,,,44.21,401.64,,,MsMpEng.exe,
App,2025-05-28,,,44.23,401.92,,,gamingservices.exe,
App,2025-05-28,,,49.02,447.88,,,FileCoAuth.exe,
App,2025-05-28,,,238.23,2164.29,,,backgroundTaskHost.exe,
App,2025-05-28,,,138.85,1274.96,,,explorer.exe,
App,2025-05-28,,,248.44,2254.05,,,msedge.exe,
App,2025-05-28,,,927.85,8385.74,,,node.exe,
App,2025-05-28,,,50.09,452.69,,,git-remote-https.exe,
App,2025-05-28,,,154.89,1399.84,,,ollama app.exe,
DailyState,2025-05-28,,,42.91,389.41,87.59,,,
DailyState,2025-05-28,,,42.91,389.41,89.56,,,
DailyState,2025-05-28,,,42.91,389.41,98.82,,,
DailyState,2025-05-28,,,42.91,389.41,104.98,,,
DailyState,2025-05-28,,,42.91,389.41,106.89,,,
App,2025-05-28,,,735.77,5745.59,,,LockApp.exe,
App,2025-05-28,,,3115.99,27546.16,,,Code.exe,
App,2025-05-28,,,13198.61,116194.51,,,svchost.exe,
App,2025-05-28,,,6145.62,55825.79,,,WhatsApp.exe,
App,2025-05-28,,,1558.06,13225.91,,,Dropbox.exe,
App,2025-05-28,,,122.63,957.6,,,services.exe,
App,2025-05-28,,,447.03,3917.6,,,NortonSecurity.exe,
App,2025-05-28,,,429.21,3351.61,,,System,
App,2025-05-28,,,21364.1,188880.15,,,chrome.exe,
App,2025-05-28,,,122.63,957.6,,,lsass.exe,
App,2025-05-28,,,61.31,478.8,,,ollama.exe,
App,2025-05-28,,,906.24,8148.36,,,wpscloudsvr.exe,
App,2025-05-28,,,122.63,957.6,,,wininit.exe,
App,2025-05-28,,,122.63,957.6,,,spoolsv.exe,
App,2025-05-28,,,122.63,957.6,,,Bridge_Service.exe,
App,2025-05-28,,,228.96,1847.81,,,SearchApp.exe,
App,2025-05-28,,,245.27,1915.21,,,dasHost.exe,
App,2025-05-28,,,148.87,1350.94,,,cloudcode_cli.exe,
App,2025-05-28,,,51.46,464.97,,,smartscreen.exe,
App,2025-05-28,,,101.98,920.8,,,et.exe,
App,2025-05-28,,,51.06,461.04,,,wps.exe,
App,2025-05-28,,,145.74,1315.84,,,promecefpluginhost.exe,
App,2025-05-28,,,51.72,467.59,,,SDXHelper.exe,
App,2025-05-28,,,46.31,425.62,,,MpDefenderCoreService.exe,
App,2025-05-28,,,44.21,401.64,,,MsMpEng.exe,
App,2025-05-28,,,44.23,401.92,,,gamingservices.exe,
App,2025-05-28,,,49.02,447.88,,,FileCoAuth.exe,
App,2025-05-28,,,370.35,3132.09,,,backgroundTaskHost.exe,
App,2025-05-28,,,138.85,1274.96,,,explorer.exe,
App,2025-05-28,,,248.45,2254.06,,,msedge.exe,
App,2025-05-28,,,1902.23,15207.05,,,node.exe,
App,2025-05-28,,,50.09,452.69,,,git-remote-https.exe,
App,2025-05-28,,,154.89,1399.84,,,ollama app.exe,
DailyState,2025-05-28,,,42.91,389.41,108.79,,,
DailyState,2025-05-28,,,42.91,389.41,111.9,,,
DailyState,2025-05-28,,,42.91,389.41,113.84,,,
DailyState,2025-05-28,,,42.91,389.41,115.66,,,
DailyState,2025-05-28,,,42.91,389.41,117.75,,,
App,2025-05-28,,,756.4,5858.15,,,LockApp.exe,
App,2025-05-28,,,3364.66,29476.34,,,Code.exe,
App,2025-05-28,,,14428.22,125649.21,,,svchost.exe,
App,2025-05-28,,,6147.34,55835.17,,,WhatsApp.exe,
App,2025-05-28,,,1825.74,15262.59,,,Dropbox.exe,
App,2025-05-28,,,126.07,976.36,,,services.exe,
App,2025-05-28,,,512.13,4417.01,,,NortonSecurity.exe,
App,2025-05-28,,,441.23,3417.25,,,System,
App,2025-05-28,,,24312.77,211694.47,,,chrome.exe,
App,2025-05-28,,,126.07,976.36,,,lsass.exe,
App,2025-05-28,,,63.03,488.18,,,ollama.exe,
App,2025-05-28,,,907.95,8157.73,,,wpscloudsvr.exe,
App,2025-05-28,,,126.07,976.36,,,wininit.exe,
App,2025-05-28,,,126.07,976.36,,,spoolsv.exe,
App,2025-05-28,,,126.07,976.36,,,Bridge_Service.exe,
App,2025-05-28,,,234.11,1875.94,,,SearchApp.exe,
App,2025-05-28,,,252.13,1952.72,,,dasHost.exe,
App,2025-05-28,,,148.87,1350.94,,,cloudcode_cli.exe,
App,2025-05-28,,,51.46,464.97,,,smartscreen.exe,
App,2025-05-28,,,101.98,920.8,,,et.exe,
App,2025-05-28,,,51.06,461.04,,,wps.exe,
App,2025-05-28,,,145.74,1315.84,,,promecefpluginhost.exe,
App,2025-05-28,,,63.01,487.88,,,SDXHelper.exe,
App,2025-05-28,,,46.31,425.62,,,MpDefenderCoreService.exe,
App,2025-05-28,,,44.21,401.64,,,MsMpEng.exe,
App,2025-05-28,,,44.23,401.92,,,gamingservices.exe,
App,2025-05-28,,,49.02,447.88,,,FileCoAuth.exe,
App,2025-05-28,,,370.5,3132.77,,,backgroundTaskHost.exe,
App,2025-05-28,,,138.85,1274.96,,,explorer.exe,
App,2025-05-28,,,248.45,2254.06,,,msedge.exe,
App,2025-05-28,,,1936.59,15394.62,,,node.exe,
App,2025-05-28,,,50.09,452.69,,,git-remote-https.exe,
App,2025-05-28,,,154.89,1399.84,,,ollama app.exe,
App,2025-05-28,,,62.05,481.75,,,browser_assistant.exe,
DailyState,2025-05-28,,,42.91,389.41,119.52,,,
DailyState,2025-05-28,,,42.91,389.41,121.62,,,
DailyState,2025-05-28,,,42.91,389.41,123.53,,,
DailyState,2025-05-28,,,42.91,389.41,130.53,,,
DailyState,2025-05-28,,,42.91,389.41,132.97,,,
App,2025-05-28,,,779.94,6015.74,,,LockApp.exe,
App,2025-05-28,,,3558.05,30971.26,,,Code.exe,
App,2025-05-28,,,15067.87,130525.93,,,svchost.exe,
App,2025-05-28,,,6149.3,55848.28,,,WhatsApp.exe,
App,2025-05-28,,,1847.32,15407.03,,,Dropbox.exe,
App,2025-05-28,,,129.99,1002.52,,,services.exe,
App,2025-05-28,,,516.05,4443.18,,,NortonSecurity.exe,
App,2025-05-28,,,454.98,3509.53,,,System,
App,2025-05-28,,,34858.24,293196.66,,,chrome.exe,
App,2025-05-28,,,130.0,1002.7,,,lsass.exe,
App,2025-05-28,,,64.99,501.26,,,ollama.exe,
App,2025-05-28,,,909.92,8170.99,,,wpscloudsvr.exe,
App,2025-05-28,,,129.99,1002.52,,,wininit.exe,
App,2025-05-28,,,129.99,1002.52,,,spoolsv.exe,
App,2025-05-28,,,129.99,1002.7,,,Bridge_Service.exe,
App,2025-05-28,,,240.0,1915.37,,,SearchApp.exe,
App,2025-05-28,,,259.99,2005.52,,,dasHost.exe,
App,2025-05-28,,,148.87,1350.94,,,cloudcode_cli.exe,
App,2025-05-28,,,51.46,464.97,,,smartscreen.exe,
App,2025-05-28,,,101.98,920.8,,,et.exe,
App,2025-05-28,,,51.06,461.04,,,wps.exe,
App,2025-05-28,,,145.74,1315.84,,,promecefpluginhost.exe,
App,2025-05-28,,,63.01,487.88,,,SDXHelper.exe,
App,2025-05-28,,,46.31,425.62,,,MpDefenderCoreService.exe,
App,2025-05-28,,,44.21,401.64,,,MsMpEng.exe,
App,2025-05-28,,,44.23,401.92,,,gamingservices.exe,
App,2025-05-28,,,49.02,447.88,,,FileCoAuth.exe,
App,2025-05-28,,,370.5,3132.77,,,backgroundTaskHost.exe,
App,2025-05-28,,,138.85,1274.96,,,explorer.exe,
App,2025-05-28,,,248.45,2254.06,,,msedge.exe,
App,2025-05-28,,,1942.07,15434.82,,,node.exe,
App,2025-05-28,,,50.09,452.69,,,git-remote-https.exe,
App,2025-05-28,,,154.89,1399.84,,,ollama app.exe,
App,2025-05-28,,,62.05,481.75,,,browser_assistant.exe,
DailyState,2025-05-28,,,42.91,389.41,145.0,,,
DailyState,2025-05-28,,,42.91,389.41,151.53,,,
DailyState,2025-05-28,,,42.91,389.41,153.29,,,
DailyState,2025-05-28,,,42.91,389.41,155.35,,,
DailyState,2025-05-28,,,42.91,389.41,157.22,,,
App,2025-05-28,,,836.39,6246.42,,,LockApp.exe,
App,2025-05-28,,,3977.93,34094.32,,,Code.exe,
App,2025-05-28,,,17532.62,148562.84,,,svchost.exe,
App,2025-05-28,,,7199.13,63670.46,,,WhatsApp.exe,
App,2025-05-28,,,2037.97,16656.15,,,Dropbox.exe,
App,2025-05-28,,,139.4,1041.07,,,services.exe,
App,2025-05-28,,,594.89,4999.82,,,NortonSecurity.exe,
App,2025-05-28,,,487.9,3643.75,,,System,
App,2025-05-28,,,41829.09,344561.8,,,chrome.exe,
App,2025-05-28,,,139.4,1041.07,,,lsass.exe,
App,2025-05-28,,,69.7,520.54,,,ollama.exe,
App,2025-05-28,,,914.62,8190.09,,,wpscloudsvr.exe,
App,2025-05-28,,,139.4,1041.07,,,wininit.exe,
App,2025-05-28,,,139.4,1041.07,,,spoolsv.exe,
App,2025-05-28,,,139.4,1041.07,,,Bridge_Service.exe,
App,2025-05-28,,,249.44,1952.95,,,SearchApp.exe,
App,2025-05-28,,,278.8,2082.14,,,dasHost.exe,
App,2025-05-28,,,168.6,1419.85,,,cloudcode_cli.exe,
App,2025-05-28,,,51.46,464.97,,,smartscreen.exe,
App,2025-05-28,,,101.98,920.8,,,et.exe,
App,2025-05-28,,,51.06,461.04,,,wps.exe,
App,2025-05-28,,,145.74,1315.84,,,promecefpluginhost.exe,
App,2025-05-28,,,69.68,520.22,,,SDXHelper.exe,
App,2025-05-28,,,46.31,425.62,,,MpDefenderCoreService.exe,
App,2025-05-28,,,44.21,401.64,,,MsMpEng.exe,
App,2025-05-28,,,69.48,518.89,,,gamingservices.exe,
App,2025-05-28,,,69.22,516.84,,,FileCoAuth.exe,
App,2025-05-28,,,447.99,3691.48,,,backgroundTaskHost.exe,
App,2025-05-28,,,138.85,1274.96,,,explorer.exe,
App,2025-05-28,,,248.45,2254.06,,,msedge.exe,
App,2025-05-28,,,2010.99,15950.32,,,node.exe,
App,2025-05-28,,,50.09,452.69,,,git-remote-https.exe,
App,2025-05-28,,,154.89,1399.84,,,ollama app.exe,
App,2025-05-28,,,62.05,481.75,,,browser_assistant.exe,
DailyState,2025-05-28,,,42.91,389.41,159.13,,,
DailyState,2025-05-28,,,42.91,389.41,161.3,,,
DailyState,2025-05-28,,,42.91,389.41,163.34,,,
DailyState,2025-05-28,,,42.91,389.41,165.07,,,
DailyState,2025-05-28,,,42.91,389.41,166.76,,,
App,2025-05-28,,,848.62,6346.0,,,LockApp.exe,
App,2025-05-28,,,4749.95,39858.53,,,Code.exe,
App,2025-05-28,,,19809.06,165600.08,,,svchost.exe,
App,2025-05-28,,,8331.36,72137.66,,,WhatsApp.exe,
App,2025-05-28,,,2119.42,17272.12,,,Dropbox.exe,
App,2025-05-28,,,141.43,1057.67,,,services.exe,
App,2025-05-28,,,596.93,5016.42,,,NortonSecurity.exe,
App,2025-05-28,,,495.03,3701.83,,,System,
App,2025-05-28,,,43679.08,358390.39,,,chrome.exe,
App,2025-05-28,,,141.44,1057.67,,,lsass.exe,
App,2025-05-28,,,70.72,528.83,,,ollama.exe,
App,2025-05-28,,,915.64,8198.39,,,wpscloudsvr.exe,
App,2025-05-28,,,141.44,1057.67,,,wininit.exe,
App,2025-05-28,,,141.44,1057.67,,,spoolsv.exe,
App,2025-05-28,,,141.44,1057.67,,,Bridge_Service.exe,
App,2025-05-28,,,250.46,1961.24,,,SearchApp.exe,
App,2025-05-28,,,282.87,2115.33,,,dasHost.exe,
App,2025-05-28,,,239.63,1950.9,,,cloudcode_cli.exe,
App,2025-05-28,,,51.46,464.97,,,smartscreen.exe,
App,2025-05-28,,,101.98,920.8,,,et.exe,
App,2025-05-28,,,51.06,461.04,,,wps.exe,
App,2025-05-28,,,145.74,1315.84,,,promecefpluginhost.exe,
App,2025-05-28,,,69.68,520.22,,,SDXHelper.exe,
App,2025-05-28,,,46.31,425.62,,,MpDefenderCoreService.exe,
App,2025-05-28,,,44.21,401.64,,,MsMpEng.exe,
App,2025-05-28,,,69.48,518.89,,,gamingservices.exe,
App,2025-05-28,,,69.22,516.84,,,FileCoAuth.exe,
App,2025-05-28,,,447.99,3691.48,,,backgroundTaskHost.exe,
App,2025-05-28,,,138.85,1274.96,,,explorer.exe,
App,2025-05-28,,,248.45,2254.06,,,msedge.exe,
App,2025-05-28,,,2010.99,15950.32,,,node.exe,
App,2025-05-28,,,50.09,452.69,,,git-remote-https.exe,
App,2025-05-28,,,154.89,1399.84,,,ollama app.exe,
App,2025-05-28,,,62.05,481.75,,,browser_assistant.exe,
DailyState,2025-05-28,,,42.91,389.41,168.55,,,
DailyState,2025-05-28,,,42.91,389.41,177.17,,,
DailyState,2025-05-28,,,42.91,389.41,201.52,,,
DailyState,2025-05-28,,,42.91,389.41,203.31,,,
DailyState,2025-05-28,,,42.91,389.41,207.32,,,
App,2025-05-28,,,869.64,6812.13,,,LockApp.exe,
App,2025-05-28,,,4894.46,40983.1,,,Code.exe,
App,2025-05-28,,,22160.53,184503.29,,,svchost.exe,
App,2025-05-28,,,8357.63,72720.33,,,WhatsApp.exe,
App,2025-05-28,,,2283.16,18825.39,,,Dropbox.exe,
App,2025-05-28,,,144.94,1135.36,,,services.exe,
App,2025-05-28,,,672.61,5657.26,,,NortonSecurity.exe,
App,2025-05-28,,,507.29,3973.74,,,System,
App,2025-05-28,,,45998.59,376585.38,,,chrome.exe,
App,2025-05-28,,,144.94,1135.36,,,lsass.exe,
App,2025-05-28,,,72.47,567.68,,,ollama.exe,
App,2025-05-28,,,917.39,8237.23,,,wpscloudsvr.exe,
App,2025-05-28,,,144.94,1135.36,,,wininit.exe,
App,2025-05-28,,,144.94,1135.36,,,spoolsv.exe,
App,2025-05-28,,,144.94,1135.36,,,Bridge_Service.exe,
App,2025-05-28,,,252.21,2000.09,,,SearchApp.exe,
App,2025-05-28,,,289.88,2270.71,,,dasHost.exe,
App,2025-05-28,,,239.63,1950.9,,,cloudcode_cli.exe,
App,2025-05-28,,,51.46,464.97,,,smartscreen.exe,
App,2025-05-28,,,101.98,920.8,,,et.exe,
App,2025-05-28,,,51.06,461.04,,,wps.exe,
App,2025-05-28,,,145.74,1315.84,,,promecefpluginhost.exe,
App,2025-05-28,,,72.45,567.41,,,SDXHelper.exe,
App,2025-05-28,,,72.27,563.71,,,MpDefenderCoreService.exe,
App,2025-05-28,,,44.21,401.64,,,MsMpEng.exe,
App,2025-05-28,,,72.27,563.71,,,gamingservices.exe,
App,2025-05-28,,,69.22,516.84,,,FileCoAuth.exe,
App,2025-05-28,,,447.99,3691.48,,,backgroundTaskHost.exe,
App,2025-05-28,,,138.85,1274.96,,,explorer.exe,
App,2025-05-28,,,248.45,2254.06,,,msedge.exe,
App,2025-05-28,,,3163.51,24966.82,,,node.exe,
App,2025-05-28,,,50.09,452.69,,,git-remote-https.exe,
App,2025-05-28,,,154.89,1399.84,,,ollama app.exe,
App,2025-05-28,,,62.05,481.75,,,browser_assistant.exe,
App,2025-05-28,,,70.78,529.5,,,taskhostw.exe,
DailyState,2025-05-28,,,42.91,389.41,209.67,,,
DailyState,2025-05-28,,,42.91,389.41,211.86,,,
DailyState,2025-05-28,,,42.91,389.41,214.95,,,
DailyState,2025-05-28,,,42.91,389.41,218.76,,,
DailyState,2025-05-28,,,42.91,389.41,222.55,,,
App,2025-05-28,,,962.58,6906.37,,,LockApp.exe,
App,2025-05-28,,,5493.4,45553.95,,,Code.exe,
App,2025-05-28,,,26184.87,213333.76,,,svchost.exe,
App,2025-05-28,,,8473.9,72838.12,,,WhatsApp.exe,
App,2025-05-28,,,2448.58,19487.3,,,Dropbox.exe,
App,2025-05-28,,,160.42,1151.06,,,services.exe,
App,2025-05-28,,,760.77,6241.11,,,NortonSecurity.exe,
App,2025-05-28,,,561.56,4028.72,,,System,
App,2025-05-28,,,47527.37,387541.97,,,chrome.exe,
App,2025-05-28,,,160.44,1151.06,,,lsass.exe,
App,2025-05-28,,,80.21,575.53,,,ollama.exe,
App,2025-05-28,,,925.15,8245.08,,,wpscloudsvr.exe,
App,2025-05-28,,,160.43,1151.06,,,wininit.exe,
App,2025-05-28,,,160.43,1151.06,,,spoolsv.exe,
App,2025-05-28,,,160.44,1151.06,,,Bridge_Service.exe,
App,2025-05-28,,,259.96,2007.94,,,SearchApp.exe,
App,2025-05-28,,,320.9,2302.12,,,dasHost.exe,
App,2025-05-28,,,239.63,1950.9,,,cloudcode_cli.exe,
App,2025-05-28,,,51.46,464.97,,,smartscreen.exe,
App,2025-05-28,,,101.98,920.8,,,et.exe,
App,2025-05-28,,,51.06,461.04,,,wps.exe,
App,2025-05-28,,,145.74,1315.84,,,promecefpluginhost.exe,
App,2025-05-28,,,72.83,568.52,,,SDXHelper.exe,
App,2025-05-28,,,78.09,573.94,,,MpDefenderCoreService.exe,
App,2025-05-28,,,44.21,401.64,,,MsMpEng.exe,
App,2025-05-28,,,78.05,573.94,,,gamingservices.exe,
App,2025-05-28,,,69.22,516.84,,,FileCoAuth.exe,
App,2025-05-28,,,447.99,3691.48,,,backgroundTaskHost.exe,
App,2025-05-28,,,138.85,1274.96,,,explorer.exe,
App,2025-05-28,,,248.45,2254.06,,,msedge.exe,
App,2025-05-28,,,3535.51,27819.62,,,node.exe,
App,2025-05-28,,,50.09,452.69,,,git-remote-https.exe,
App,2025-05-28,,,154.89,1399.84,,,ollama app.exe,
App,2025-05-28,,,62.05,481.75,,,browser_assistant.exe,
App,2025-05-28,,,70.78,529.5,,,taskhostw.exe,
App,2025-05-28,,,80.0,575.32,,,NisSrv.exe,
DailyState,2025-05-28,,,42.91,389.41,226.53,,,
DailyState,2025-05-28,,,42.91,389.41,229.75,,,
DailyState,2025-05-28,,,42.91,389.41,235.31,,,
DailyState,2025-05-28,,,42.91,389.41,241.01,,,
DailyState,2025-05-28,,,42.91,389.41,244.86,,,
App,2025-05-28,,,1129.0,7006.12,,,LockApp.exe,
App,2025-05-28,,,5754.28,47294.05,,,Code.exe,
App,2025-05-28,,,30469.65,239118.28,,,svchost.exe,
App,2025-05-28,,,10107.66,82789.72,,,WhatsApp.exe,
App,2025-05-28,,,2779.04,20742.56,,,Dropbox.exe,
App,2025-05-28,,,188.16,1167.69,,,services.exe,
App,2025-05-28,,,958.07,7414.5,,,NortonSecurity.exe,
App,2025-05-28,,,658.64,4086.91,,,System,
App,2025-05-28,,,49728.4,401521.93,,,chrome.exe,
App,2025-05-28,,,188.18,1167.69,,,lsass.exe,
App,2025-05-28,,,94.07,583.84,,,ollama.exe,
App,2025-05-28,,,939.02,8253.4,,,wpscloudsvr.exe,
App,2025-05-28,,,188.17,1167.69,,,wininit.exe,
App,2025-05-28,,,188.16,1167.69,,,spoolsv.exe,
App,2025-05-28,,,188.18,1167.69,,,Bridge_Service.exe,
App,2025-05-28,,,273.83,2016.25,,,SearchApp.exe,
App,2025-05-28,,,376.37,2335.38,,,dasHost.exe,
App,2025-05-28,,,239.63,1950.9,,,cloudcode_cli.exe,
App,2025-05-28,,,51.46,464.97,,,smartscreen.exe,
App,2025-05-28,,,101.98,920.8,,,et.exe,
App,2025-05-28,,,51.06,461.04,,,wps.exe,
App,2025-05-28,,,145.74,1315.84,,,promecefpluginhost.exe,
App,2025-05-28,,,93.65,583.48,,,SDXHelper.exe,
App,2025-05-28,,,92.02,582.26,,,MpDefenderCoreService.exe,
App,2025-05-28,,,44.21,401.64,,,MsMpEng.exe,
App,2025-05-28,,,91.97,582.23,,,gamingservices.exe,
App,2025-05-28,,,69.22,516.84,,,FileCoAuth.exe,
App,2025-05-28,,,537.96,4274.01,,,backgroundTaskHost.exe,
App,2025-05-28,,,185.86,1432.28,,,explorer.exe,
App,2025-05-28,,,248.45,2254.06,,,msedge.exe,
App,2025-05-28,,,3549.38,27827.93,,,node.exe,
App,2025-05-28,,,50.09,452.69,,,git-remote-https.exe,
App,2025-05-28,,,154.89,1399.84,,,ollama app.exe,
App,2025-05-28,,,62.05,481.75,,,browser_assistant.exe,
App,2025-05-28,,,70.78,529.5,,,taskhostw.exe,
App,2025-05-28,,,80.0,575.32,,,NisSrv.exe,
DailyState,2025-05-28,,,42.91,389.41,247.95,,,
DailyState,2025-05-28,,,42.91,389.41,249.55,,,
DailyState,2025-05-28,,,42.91,389.41,251.33,,,
DailyState,2025-05-28,,,42.91,389.41,252.88,,,
DailyState,2025-05-28,,,42.91,389.41,254.49,,,
App,2025-05-28,,,1151.42,7093.88,,,LockApp.exe,
App,2025-05-28,,,5947.13,48471.34,,,Code.exe,
App,2025-05-28,,,33775.71,259344.87,,,svchost.exe,
App,2025-05-28,,,10133.66,82887.09,,,WhatsApp.exe,
App,2025-05-28,,,2991.05,22000.75,,,Dropbox.exe,
App,2025-05-28,,,191.9,1182.3,,,services.exe,
App,2025-05-28,,,961.82,7429.06,,,NortonSecurity.exe,
App,2025-05-28,,,671.66,4138.19,,,System,
App,2025-05-28,,,51565.21,412753.96,,,chrome.exe,
App,2025-05-28,,,191.9,1182.3,,,lsass.exe,
App,2025-05-28,,,95.95,591.12,,,ollama.exe,
App,2025-05-28,,,940.87,8260.73,,,wpscloudsvr.exe,
App,2025-05-28,,,191.9,1182.3,,,wininit.exe,
App,2025-05-28,,,191.91,1182.36,,,spoolsv.exe,
App,2025-05-28,,,191.91,1182.36,,,Bridge_Service.exe,
App,2025-05-28,,,275.69,2023.59,,,SearchApp.exe,
App,2025-05-28,,,383.81,2364.71,,,dasHost.exe,
App,2025-05-28,,,239.63,1950.9,,,cloudcode_cli.exe,
App,2025-05-28,,,51.46,464.97,,,smartscreen.exe,
App,2025-05-28,,,101.98,920.8,,,et.exe,
App,2025-05-28,,,51.06,461.04,,,wps.exe,
App,2025-05-28,,,145.74,1315.84,,,promecefpluginhost.exe,
App,2025-05-28,,,93.65,583.48,,,SDXHelper.exe,
App,2025-05-28,,,95.82,589.62,,,MpDefenderCoreService.exe,
App,2025-05-28,,,44.21,401.64,,,MsMpEng.exe,
App,2025-05-28,,,95.81,589.57,,,gamingservices.exe,
App,2025-05-28,,,69.22,516.84,,,FileCoAuth.exe,
App,2025-05-28,,,537.96,4274.01,,,backgroundTaskHost.exe,
App,2025-05-28,,,185.86,1432.28,,,explorer.exe,
App,2025-05-28,,,248.45,2254.06,,,msedge.exe,
App,2025-05-28,,,3646.29,28417.1,,,node.exe,
App,2025-05-28,,,50.09,452.69,,,git-remote-https.exe,
App,2025-05-28,,,154.89,1399.84,,,ollama app.exe,
App,2025-05-28,,,62.05,481.75,,,browser_assistant.exe,
App,2025-05-28,,,95.37,585.21,,,taskhostw.exe,
App,2025-05-28,,,80.0,575.32,,,NisSrv.exe,
DailyState,2025-05-28,,,42.91,389.41,256.65,,,
DailyState,2025-05-28,,,42.91,389.41,260.65,,,
DailyState,2025-05-28,,,42.91,389.41,262.58,,,
DailyState,2025-05-28,,,42.91,389.41,265.05,,,
DailyState,2025-05-28,,,42.91,389.41,266.96,,,
App,2025-05-28,,,1182.06,7209.35,,,LockApp.exe,
App,2025-05-28,,,6825.66,53859.55,,,Code.exe,
App,2025-05-28,,,36864.4,278119.65,,,svchost.exe,
App,2025-05-28,,,10139.03,82909.59,,,WhatsApp.exe,
App,2025-05-28,,,3019.36,22107.51,,,Dropbox.exe,
App,2025-05-28,,,197.01,1201.56,,,services.exe,
App,2025-05-28,,,965.41,7443.46,,,NortonSecurity.exe,
App,2025-05-28,,,689.54,4205.46,,,System,
App,2025-05-28,,,61324.4,472537.97,,,chrome.exe,
App,2025-05-28,,,197.01,1201.56,,,lsass.exe,
App,2025-05-28,,,98.5,600.78,,,ollama.exe,
App,2025-05-28,,,943.42,8270.33,,,wpscloudsvr.exe,
App,2025-05-28,,,197.01,1201.56,,,wininit.exe,
App,2025-05-28,,,197.01,1201.56,,,spoolsv.exe,
App,2025-05-28,,,197.01,1201.56,,,Bridge_Service.exe,
App,2025-05-28,,,277.33,2031.09,,,SearchApp.exe,
App,2025-05-28,,,394.02,2403.12,,,dasHost.exe,
App,2025-05-28,,,492.84,3302.38,,,cloudcode_cli.exe,
App,2025-05-28,,,51.46,464.97,,,smartscreen.exe,
App,2025-05-28,,,101.98,920.8,,,et.exe,
App,2025-05-28,,,51.06,461.04,,,wps.exe,
App,2025-05-28,,,145.74,1315.84,,,promecefpluginhost.exe,
App,2025-05-28,,,98.48,600.77,,,SDXHelper.exe,
App,2025-05-28,,,95.82,589.62,,,MpDefenderCoreService.exe,
App,2025-05-28,,,44.21,401.64,,,MsMpEng.exe,
App,2025-05-28,,,97.97,599.53,,,gamingservices.exe,
App,2025-05-28,,,97.35,597.46,,,FileCoAuth.exe,
App,2025-05-28,,,937.98,6692.68,,,backgroundTaskHost.exe,
App,2025-05-28,,,185.86,1432.28,,,explorer.exe,
App,2025-05-28,,,248.45,2254.06,,,msedge.exe,
App,2025-05-28,,,3646.29,28417.1,,,node.exe,
App,2025-05-28,,,50.09,452.69,,,git-remote-https.exe,
App,2025-05-28,,,154.89,1399.84,,,ollama app.exe,
App,2025-05-28,,,62.05,481.75,,,browser_assistant.exe,
App,2025-05-28,,,95.37,585.21,,,taskhostw.exe,
App,2025-05-28,,,80.0,575.32,,,NisSrv.exe,
DailyState,2025-05-28,,,42.91,389.41,267.22,,,
DailyState,2025-05-28,,,42.91,389.41,267.8,,,
DailyState,2025-05-28,,,42.91,389.41,269.48,,,
DailyState,2025-05-28,,,42.91,389.41,271.24,,,
DailyState,2025-05-28,,,42.91,389.41,273.31,,,
App,2025-05-28,,,1195.18,7272.7,,,LockApp.exe,
App,2025-05-28,,,7418.81,57468.41,,,Code.exe,
App,2025-05-28,,,39573.51,294567.67,,,svchost.exe,
App,2025-05-28,,,11833.13,93216.11,,,WhatsApp.exe,
App,2025-05-28,,,3329.52,23978.14,,,Dropbox.exe,
App,2025-05-28,,,199.2,1212.12,,,services.exe,
App,2025-05-28,,,966.5,7448.74,,,NortonSecurity.exe,
App,2025-05-28,,,697.2,4242.41,,,System,
App,2025-05-28,,,64705.46,493087.45,,,chrome.exe,
App,2025-05-28,,,199.2,1212.12,,,lsass.exe,
App,2025-05-28,,,99.6,606.06,,,ollama.exe,
App,2025-05-28,,,944.52,8275.61,,,wpscloudsvr.exe,
App,2025-05-28,,,199.2,1212.12,,,wininit.exe,
App,2025-05-28,,,199.2,1212.12,,,spoolsv.exe,
App,2025-05-28,,,199.2,1212.12,,,Bridge_Service.exe,
App,2025-05-28,,,277.33,2031.09,,,SearchApp.exe,
App,2025-05-28,,,398.4,2424.24,,,dasHost.exe,
App,2025-05-28,,,492.84,3302.38,,,cloudcode_cli.exe,
App,2025-05-28,,,51.46,464.97,,,smartscreen.exe,
App,2025-05-28,,,101.98,920.8,,,et.exe,
App,2025-05-28,,,51.06,461.04,,,wps.exe,
App,2025-05-28,,,145.74,1315.84,,,promecefpluginhost.exe,
App,2025-05-28,,,98.48,600.77,,,SDXHelper.exe,
App,2025-05-28,,,95.82,589.62,,,MpDefenderCoreService.exe,
App,2025-05-28,,,44.21,401.64,,,MsMpEng.exe,
App,2025-05-28,,,97.97,599.53,,,gamingservices.exe,
App,2025-05-28,,,97.35,597.46,,,FileCoAuth.exe,
App,2025-05-28,,,937.98,6692.68,,,backgroundTaskHost.exe,
App,2025-05-28,,,185.86,1432.28,,,explorer.exe,
App,2025-05-28,,,248.45,2254.06,,,msedge.exe,
App,2025-05-28,,,3646.29,28417.1,,,node.exe,
App,2025-05-28,,,50.09,452.69,,,git-remote-https.exe,
App,2025-05-28,,,154.89,1399.84,,,ollama app.exe,
App,2025-05-28,,,62.05,481.75,,,browser_assistant.exe,
App,2025-05-28,,,95.37,585.21,,,taskhostw.exe,
App,2025-05-28,,,80.0,575.32,,,NisSrv.exe,
DailyState,2025-05-28,,,42.91,389.41,274.98,,,
DailyState,2025-05-28,,,42.91,389.41,275.18,,,
DailyState,2025-05-29,,,17.74,94.52,0,,,
MonthlyApp,,,,15095.68,114880.67,,,LockApp.exe,2025-5
MonthlyApp,,,,65459.2,549629.61,,,Code.exe,2025-5
MonthlyApp,,,,332615.24,2734994.31,,,svchost.exe,2025-5
MonthlyApp,,,,124731.24,1079549.27,,,WhatsApp.exe,2025-5
MonthlyApp,,,,35603.97,290212.49,,,Dropbox.exe,2025-5
MonthlyApp,,,,2515.94,19146.67,,,services.exe,2025-5
MonthlyApp,,,,10501.09,87694.61,,,NortonSecurity.exe,2025-5
MonthlyApp,,,,8806.02,67014.41,,,System,2025-5
MonthlyApp,,,,587397.99,4855663.97,,,chrome.exe,2025-5
MonthlyApp,,,,2516.01,19146.88,,,lsass.exe,2025-5
MonthlyApp,,,,1257.91,9573.26,,,ollama.exe,2025-5
MonthlyApp,,,,14887.9,133373.27,,,wpscloudsvr.exe,2025-5
MonthlyApp,,,,2515.98,19146.69,,,wininit.exe,2025-5
MonthlyApp,,,,2515.98,19146.73,,,spoolsv.exe,2025-5
MonthlyApp,,,,2516.02,19146.95,,,Bridge_Service.exe,2025-5
MonthlyApp,,,,4341.61,35546.73,,,SearchApp.exe,2025-5
MonthlyApp,,,,5032.03,38294.1,,,dasHost.exe,2025-5
MonthlyApp,,,,3700.7,30062.05,,,cloudcode_cli.exe,2025-5
MonthlyApp,,,,939.37,8528.6,,,smartscreen.exe,2025-5
MonthlyApp,,,,1545.22,14004.48,,,et.exe,2025-5
MonthlyApp,,,,934.18,8487.36,,,wps.exe,2025-5
MonthlyApp,,,,2373.7,21473.55,,,promecefpluginhost.exe,2025-5
MonthlyApp,,,,1231.42,9494.77,,,SDXHelper.exe,2025-5
MonthlyApp,,,,1131.04,9013.56,,,MpDefenderCoreService.exe,2025-5
MonthlyApp,,,,839.99,7631.16,,,MsMpEng.exe,2025-5
MonthlyApp,,,,1159.53,8967.41,,,gamingservices.exe,2025-5
MonthlyApp,,,,1127.84,9025.39,,,FileCoAuth.exe,2025-5
MonthlyApp,,,,7217.58,58518.6,,,backgroundTaskHost.exe,2025-5
MonthlyApp,,,,2778.83,24419.83,,,explorer.exe,2025-5
MonthlyApp,,,,3541.95,32160.79,,,msedge.exe,2025-5
MonthlyApp,,,,33182.85,263610.57,,,node.exe,2025-5
MonthlyApp,,,,651.17,5884.97,,,git-remote-https.exe,2025-5
MonthlyApp,,,,1858.68,16798.08,,,ollama app.exe,2025-5
MonthlyApp,,,,620.5,4817.5,,,browser_assistant.exe,2025-5
MonthlyApp,,,,498.45,3344.13,,,taskhostw.exe,2025-5
MonthlyApp,,,,400.0,2876.6,,,NisSrv.exe,2025-5
DailyState,2025-05-29,,,30.26,188.81,0,,,
MonthlyApp,,,,15095.68,114880.67,,,LockApp.exe,2025-5
MonthlyApp,,,,65459.2,549629.61,,,Code.exe,2025-5
MonthlyApp,,,,332615.24,2734994.31,,,svchost.exe,2025-5
MonthlyApp,,,,124731.24,1079549.27,,,WhatsApp.exe,2025-5
MonthlyApp,,,,35603.97,290212.49,,,Dropbox.exe,2025-5
MonthlyApp,,,,2515.94,19146.67,,,services.exe,2025-5
MonthlyApp,,,,10501.09,87694.61,,,NortonSecurity.exe,2025-5
MonthlyApp,,,,8806.02,67014.41,,,System,2025-5
MonthlyApp,,,,587397.99,4855663.97,,,chrome.exe,2025-5
MonthlyApp,,,,2516.01,19146.88,,,lsass.exe,2025-5
MonthlyApp,,,,1257.91,9573.26,,,ollama.exe,2025-5
MonthlyApp,,,,14887.9,133373.27,,,wpscloudsvr.exe,2025-5
MonthlyApp,,,,2515.98,19146.69,,,wininit.exe,2025-5
MonthlyApp,,,,2515.98,19146.73,,,spoolsv.exe,2025-5
MonthlyApp,,,,2516.02,19146.95,,,Bridge_Service.exe,2025-5
MonthlyApp,,,,4341.61,35546.73,,,SearchApp.exe,2025-5
MonthlyApp,,,,5032.03,38294.1,,,dasHost.exe,2025-5
MonthlyApp,,,,3700.7,30062.05,,,cloudcode_cli.exe,2025-5
MonthlyApp,,,,939.37,8528.6,,,smartscreen.exe,2025-5
MonthlyApp,,,,1545.22,14004.48,,,et.exe,2025-5
MonthlyApp,,,,934.18,8487.36,,,wps.exe,2025-5
MonthlyApp,,,,2373.7,21473.55,,,promecefpluginhost.exe,2025-5
MonthlyApp,,,,1231.42,9494.77,,,SDXHelper.exe,2025-5
MonthlyApp,,,,1131.04,9013.56,,,MpDefenderCoreService.exe,2025-5
MonthlyApp,,,,839.99,7631.16,,,MsMpEng.exe,2025-5
MonthlyApp,,,,1159.53,8967.41,,,gamingservices.exe,2025-5
MonthlyApp,,,,1127.84,9025.39,,,FileCoAuth.exe,2025-5
MonthlyApp,,,,7217.58,58518.6,,,backgroundTaskHost.exe,2025-5
MonthlyApp,,,,2778.83,24419.83,,,explorer.exe,2025-5
MonthlyApp,,,,3541.95,32160.79,,,msedge.exe,2025-5
MonthlyApp,,,,33182.85,263610.57,,,node.exe,2025-5
MonthlyApp,,,,651.17,5884.97,,,git-remote-https.exe,2025-5
MonthlyApp,,,,1858.68,16798.08,,,ollama app.exe,2025-5
MonthlyApp,,,,620.5,4817.5,,,browser_assistant.exe,2025-5
MonthlyApp,,,,498.45,3344.13,,,taskhostw.exe,2025-5
MonthlyApp,,,,400.0,2876.6,,,NisSrv.exe,2025-5
DailyState,2025-05-29,,,30.26,188.81,3.19,,,
DailyState,2025-05-29,,,30.26,188.81,5.67,,,
DailyState,2025-05-29,,,30.26,188.81,7.33,,,
DailyState,2025-05-29,,,30.26,188.81,8.97,,,
App,2025-05-29,,,8061.37,49137.67,,,chrome.exe,
App,2025-05-29,,,66.22,395.19,,,spoolsv.exe,
App,2025-05-29,,,428.17,2561.51,,,Dropbox.exe,
App,2025-05-29,,,2095.33,12529.92,,,svchost.exe,
App,2025-05-29,,,164.27,979.36,,,SearchApp.exe,
App,2025-05-29,,,66.22,395.19,,,wininit.exe,
App,2025-05-29,,,231.78,1383.18,,,System,
App,2025-05-29,,,161.26,966.01,,,Code.exe,
App,2025-05-29,,,33.11,197.6,,,ollama.exe,
App,2025-05-29,,,66.22,395.19,,,Bridge_Service.exe,
App,2025-05-29,,,66.22,395.19,,,lsass.exe,
App,2025-05-29,,,33.11,197.6,,,WhatsApp.exe,
App,2025-05-29,,,98.56,587.35,,,Telegram.exe,
App,2025-05-29,,,33.11,197.6,,,wpscloudsvr.exe,
App,2025-05-29,,,132.45,790.39,,,dasHost.exe,
App,2025-05-29,,,65.86,393.77,,,NortonSecurity.exe,
App,2025-05-29,,,66.22,395.19,,,services.exe,
App,2025-05-29,,,30.52,189.68,,,CLToast.exe,
App,2025-05-29,,,31.49,190.39,,,gamingservices.exe,
App,2025-05-29,,,32.38,192.55,,,MpDefenderCoreService.exe,
App,2025-05-29,,,32.6,194.51,,,updater.exe,
DailyState,2025-05-29,,,30.26,188.81,11.63,,,
DailyState,2025-05-29,,,30.26,188.81,14.14,,,
DailyState,2025-05-29,,,30.26,188.81,19.14,,,
DailyState,2025-05-29,,,30.26,188.81,32.76,,,
DailyState,2025-05-29,,,30.26,188.81,58.58,,,
App,2025-05-29,,,28939.08,176501.13,,,chrome.exe,
App,2025-05-29,,,78.75,496.31,,,spoolsv.exe,
App,2025-05-29,,,503.32,3168.24,,,Dropbox.exe,
App,2025-05-29,,,6385.06,38748.41,,,svchost.exe,
App,2025-05-29,,,183.06,1131.04,,,SearchApp.exe,
App,2025-05-29,,,78.75,496.32,,,wininit.exe,
App,2025-05-29,,,275.62,1737.1,,,System,
App,2025-05-29,,,164.82,986.05,,,Code.exe,
App,2025-05-29,,,39.37,248.16,,,ollama.exe,
App,2025-05-29,,,78.75,496.32,,,Bridge_Service.exe,
App,2025-05-29,,,78.75,496.32,,,lsass.exe,
App,2025-05-29,,,702.07,4385.21,,,WhatsApp.exe,
App,2025-05-29,,,111.09,688.47,,,Telegram.exe,
App,2025-05-29,,,206.66,1248.53,,,wpscloudsvr.exe,
App,2025-05-29,,,157.5,992.63,,,dasHost.exe,
App,2025-05-29,,,72.12,444.33,,,NortonSecurity.exe,
App,2025-05-29,,,78.75,496.32,,,services.exe,
App,2025-05-29,,,30.52,189.68,,,CLToast.exe,
App,2025-05-29,,,31.49,190.39,,,gamingservices.exe,
App,2025-05-29,,,34.13,206.76,,,MpDefenderCoreService.exe,
App,2025-05-29,,,32.6,194.51,,,updater.exe,
App,2025-05-29,,,100.4,600.68,,,wps.exe,
App,2025-05-29,,,33.46,200.07,,,promecefpluginhost.exe,
App,2025-05-29,,,100.26,599.34,,,wpspdf.exe,
App,2025-05-29,,,38.13,238.2,,,SDXHelper.exe,
DailyState,2025-05-29,,,30.26,188.81,68.7,,,
DailyState,2025-05-29,,,30.26,188.81,70.48,,,
DailyState,2025-05-29,,,30.26,188.81,73.15,,,
DailyState,2025-05-29,,,40.32,254.37,0,,,
MonthlyApp,,,,15095.68,114880.67,,,LockApp.exe,2025-5
MonthlyApp,,,,65785.28,551581.67,,,Code.exe,2025-5
MonthlyApp,,,,341095.63,2786272.64,,,svchost.exe,2025-5
MonthlyApp,,,,125466.42,1084132.08,,,WhatsApp.exe,2025-5
MonthlyApp,,,,36535.46,295942.24,,,Dropbox.exe,2025-5
MonthlyApp,,,,2660.91,20038.18,,,services.exe,2025-5
MonthlyApp,,,,10639.07,88532.71,,,NortonSecurity.exe,2025-5
MonthlyApp,,,,9313.42,70134.69,,,System,2025-5
MonthlyApp,,,,624398.44,5081302.77,,,chrome.exe,2025-5
MonthlyApp,,,,2660.98,20038.39,,,lsass.exe,2025-5
MonthlyApp,,,,1330.39,10019.02,,,ollama.exe,2025-5
MonthlyApp,,,,15127.67,134819.4,,,wpscloudsvr.exe,2025-5
MonthlyApp,,,,2660.95,20038.2,,,wininit.exe,2025-5
MonthlyApp,,,,2660.95,20038.23,,,spoolsv.exe,2025-5
MonthlyApp,,,,2660.99,20038.46,,,Bridge_Service.exe,2025-5
MonthlyApp,,,,4688.94,37657.13,,,SearchApp.exe,2025-5
MonthlyApp,,,,5321.98,40077.12,,,dasHost.exe,2025-5
MonthlyApp,,,,3700.7,30062.05,,,cloudcode_cli.exe,2025-5
MonthlyApp,,,,939.37,8528.6,,,smartscreen.exe,2025-5
MonthlyApp,,,,1545.22,14004.48,,,et.exe,2025-5
MonthlyApp,,,,1034.58,9088.04,,,wps.exe,2025-5
MonthlyApp,,,,2407.16,21673.62,,,promecefpluginhost.exe,2025-5
MonthlyApp,,,,1269.55,9732.97,,,SDXHelper.exe,2025-5
MonthlyApp,,,,1197.55,9412.87,,,MpDefenderCoreService.exe,2025-5
MonthlyApp,,,,839.99,7631.16,,,MsMpEng.exe,2025-5
MonthlyApp,,,,1222.51,9348.19,,,gamingservices.exe,2025-5
MonthlyApp,,,,1127.84,9025.39,,,FileCoAuth.exe,2025-5
MonthlyApp,,,,7217.58,58518.6,,,backgroundTaskHost.exe,2025-5
MonthlyApp,,,,2778.83,24419.83,,,explorer.exe,2025-5
MonthlyApp,,,,3541.95,32160.79,,,msedge.exe,2025-5
MonthlyApp,,,,33182.85,263610.57,,,node.exe,2025-5
MonthlyApp,,,,651.17,5884.97,,,git-remote-https.exe,2025-5
MonthlyApp,,,,1858.68,16798.08,,,ollama app.exe,2025-5
MonthlyApp,,,,620.5,4817.5,,,browser_assistant.exe,2025-5
MonthlyApp,,,,498.45,3344.13,,,taskhostw.exe,2025-5
MonthlyApp,,,,400.0,2876.6,,,NisSrv.exe,2025-5
MonthlyApp,,,,209.65,1275.82,,,Telegram.exe,2025-5
MonthlyApp,,,,61.04,379.36,,,CLToast.exe,2025-5
MonthlyApp,,,,65.2,389.02,,,updater.exe,2025-5
MonthlyApp,,,,100.26,599.34,,,wpspdf.exe,2025-5
DailyState,2025-05-29,,,40.32,254.37,1.73,,,
DailyState,2025-05-29,,,41.2,260.08,0,,,
MonthlyApp,,,,15095.68,114880.67,,,LockApp.exe,2025-5
MonthlyApp,,,,65785.28,551581.67,,,Code.exe,2025-5
MonthlyApp,,,,341095.63,2786272.64,,,svchost.exe,2025-5
MonthlyApp,,,,125466.42,1084132.08,,,WhatsApp.exe,2025-5
MonthlyApp,,,,36535.46,295942.24,,,Dropbox.exe,2025-5
MonthlyApp,,,,2660.91,20038.18,,,services.exe,2025-5
MonthlyApp,,,,10639.07,88532.71,,,NortonSecurity.exe,2025-5
MonthlyApp,,,,9313.42,70134.69,,,System,2025-5
MonthlyApp,,,,624398.44,5081302.77,,,chrome.exe,2025-5
MonthlyApp,,,,2660.98,20038.39,,,lsass.exe,2025-5
MonthlyApp,,,,1330.39,10019.02,,,ollama.exe,2025-5
MonthlyApp,,,,15127.67,134819.4,,,wpscloudsvr.exe,2025-5
MonthlyApp,,,,2660.95,20038.2,,,wininit.exe,2025-5
MonthlyApp,,,,2660.95,20038.23,,,spoolsv.exe,2025-5
MonthlyApp,,,,2660.99,20038.46,,,Bridge_Service.exe,2025-5
MonthlyApp,,,,4688.94,37657.13,,,SearchApp.exe,2025-5
MonthlyApp,,,,5321.98,40077.12,,,dasHost.exe,2025-5
MonthlyApp,,,,3700.7,30062.05,,,cloudcode_cli.exe,2025-5
MonthlyApp,,,,939.37,8528.6,,,smartscreen.exe,2025-5
MonthlyApp,,,,1545.22,14004.48,,,et.exe,2025-5
MonthlyApp,,,,1034.58,9088.04,,,wps.exe,2025-5
MonthlyApp,,,,2407.16,21673.62,,,promecefpluginhost.exe,2025-5
MonthlyApp,,,,1269.55,9732.97,,,SDXHelper.exe,2025-5
MonthlyApp,,,,1197.55,9412.87,,,MpDefenderCoreService.exe,2025-5
MonthlyApp,,,,839.99,7631.16,,,MsMpEng.exe,2025-5
MonthlyApp,,,,1222.51,9348.19,,,gamingservices.exe,2025-5
MonthlyApp,,,,1127.84,9025.39,,,FileCoAuth.exe,2025-5
MonthlyApp,,,,7217.58,58518.6,,,backgroundTaskHost.exe,2025-5
MonthlyApp,,,,2778.83,24419.83,,,explorer.exe,2025-5
MonthlyApp,,,,3541.95,32160.79,,,msedge.exe,2025-5
MonthlyApp,,,,33182.85,263610.57,,,node.exe,2025-5
MonthlyApp,,,,651.17,5884.97,,,git-remote-https.exe,2025-5
MonthlyApp,,,,1858.68,16798.08,,,ollama app.exe,2025-5
MonthlyApp,,,,620.5,4817.5,,,browser_assistant.exe,2025-5
MonthlyApp,,,,498.45,3344.13,,,taskhostw.exe,2025-5
MonthlyApp,,,,400.0,2876.6,,,NisSrv.exe,2025-5
MonthlyApp,,,,209.65,1275.82,,,Telegram.exe,2025-5
MonthlyApp,,,,61.04,379.36,,,CLToast.exe,2025-5
MonthlyApp,,,,65.2,389.02,,,updater.exe,2025-5
MonthlyApp,,,,100.26,599.34,,,wpspdf.exe,2025-5
DailyState,2025-05-29,,,41.32,261.19,0,,,
MonthlyApp,,,,15095.68,114880.67,,,LockApp.exe,2025-5
MonthlyApp,,,,65785.28,551581.67,,,Code.exe,2025-5
MonthlyApp,,,,341095.63,2786272.64,,,svchost.exe,2025-5
MonthlyApp,,,,125466.42,1084132.08,,,WhatsApp.exe,2025-5
MonthlyApp,,,,36535.46,295942.24,,,Dropbox.exe,2025-5
MonthlyApp,,,,2660.91,20038.18,,,services.exe,2025-5
MonthlyApp,,,,10639.07,88532.71,,,NortonSecurity.exe,2025-5
MonthlyApp,,,,9313.42,70134.69,,,System,2025-5
MonthlyApp,,,,624398.44,5081302.77,,,chrome.exe,2025-5
MonthlyApp,,,,2660.98,20038.39,,,lsass.exe,2025-5
MonthlyApp,,,,1330.39,10019.02,,,ollama.exe,2025-5
MonthlyApp,,,,15127.67,134819.4,,,wpscloudsvr.exe,2025-5
MonthlyApp,,,,2660.95,20038.2,,,wininit.exe,2025-5
MonthlyApp,,,,2660.95,20038.23,,,spoolsv.exe,2025-5
MonthlyApp,,,,2660.99,20038.46,,,Bridge_Service.exe,2025-5
MonthlyApp,,,,4688.94,37657.13,,,SearchApp.exe,2025-5
MonthlyApp,,,,5321.98,40077.12,,,dasHost.exe,2025-5
MonthlyApp,,,,3700.7,30062.05,,,cloudcode_cli.exe,2025-5
MonthlyApp,,,,939.37,8528.6,,,smartscreen.exe,2025-5
MonthlyApp,,,,1545.22,14004.48,,,et.exe,2025-5
MonthlyApp,,,,1034.58,9088.04,,,wps.exe,2025-5
MonthlyApp,,,,2407.16,21673.62,,,promecefpluginhost.exe,2025-5
MonthlyApp,,,,1269.55,9732.97,,,SDXHelper.exe,2025-5
MonthlyApp,,,,1197.55,9412.87,,,MpDefenderCoreService.exe,2025-5
MonthlyApp,,,,839.99,7631.16,,,MsMpEng.exe,2025-5
MonthlyApp,,,,1222.51,9348.19,,,gamingservices.exe,2025-5
MonthlyApp,,,,1127.84,9025.39,,,FileCoAuth.exe,2025-5
MonthlyApp,,,,7217.58,58518.6,,,backgroundTaskHost.exe,2025-5
MonthlyApp,,,,2778.83,24419.83,,,explorer.exe,2025-5
MonthlyApp,,,,3541.95,32160.79,,,msedge.exe,2025-5
MonthlyApp,,,,33182.85,263610.57,,,node.exe,2025-5
MonthlyApp,,,,651.17,5884.97,,,git-remote-https.exe,2025-5
MonthlyApp,,,,1858.68,16798.08,,,ollama app.exe,2025-5
MonthlyApp,,,,620.5,4817.5,,,browser_assistant.exe,2025-5
MonthlyApp,,,,498.45,3344.13,,,taskhostw.exe,2025-5
MonthlyApp,,,,400.0,2876.6,,,NisSrv.exe,2025-5
MonthlyApp,,,,209.65,1275.82,,,Telegram.exe,2025-5
MonthlyApp,,,,61.04,379.36,,,CLToast.exe,2025-5
MonthlyApp,,,,65.2,389.02,,,updater.exe,2025-5
MonthlyApp,,,,100.26,599.34,,,wpspdf.exe,2025-5
DailyState,2025-05-29,,,41.32,261.19,1.95,,,
DailyState,2025-05-29,,,41.32,261.19,3.94,,,
DailyState,2025-05-29,,,41.32,261.19,5.48,,,
DailyState,2025-05-29,,,41.32,261.19,7.04,,,
App,2025-05-29,,,2333.17,14833.19,,,chrome.exe,
App,2025-05-29,,,672.36,4305.92,,,WhatsApp.exe,
App,2025-05-29,,,84.05,538.24,,,lsass.exe,
App,2025-05-29,,,84.05,538.24,,,spoolsv.exe,
App,2025-05-29,,,1763.9,11291.97,,,svchost.exe,
App,2025-05-29,,,84.05,538.24,,,Bridge_Service.exe,
App,2025-05-29,,,294.16,1883.84,,,System,
App,2025-05-29,,,587.19,3754.32,,,Dropbox.exe,
App,2025-05-29,,,84.05,538.24,,,wininit.exe,
App,2025-05-29,,,290.51,1842.18,,,wpscloudsvr.exe,
App,2025-05-29,,,166.76,1061.43,,,NortonSecurity.exe,
App,2025-05-29,,,168.09,1076.48,,,dasHost.exe,
App,2025-05-29,,,84.05,538.24,,,services.exe,
App,2025-05-29,,,126.07,807.36,,,SearchApp.exe,
App,2025-05-29,,,84.05,538.24,,,Telegram.exe,
App,2025-05-29,,,42.02,269.12,,,ollama.exe,
App,2025-05-29,,,41.58,264.03,,,SDXHelper.exe,
DailyState,2025-05-29,,,41.32,261.19,8.64,,,
DailyState,2025-05-29,,,41.32,261.19,11.14,,,
DailyState,2025-05-29,,,41.32,261.19,12.98,,,
DailyState,2025-05-29,,,41.32,261.19,14.64,,,
DailyState,2025-05-29,,,41.32,261.19,16.11,,,
App,2025-05-29,,,3109.5,19864.34,,,chrome.exe,
App,2025-05-29,,,686.1,4437.92,,,WhatsApp.exe,
App,2025-05-29,,,85.76,554.74,,,lsass.exe,
App,2025-05-29,,,85.76,554.74,,,spoolsv.exe,
App,2025-05-29,,,2348.08,15157.03,,,svchost.exe,
App,2025-05-29,,,85.76,554.74,,,Bridge_Service.exe,
App,2025-05-29,,,300.17,1941.59,,,System,
App,2025-05-29,,,809.0,5210.52,,,Dropbox.exe,
App,2025-05-29,,,85.76,554.74,,,wininit.exe,
App,2025-05-29,,,291.36,1850.43,,,wpscloudsvr.exe,
App,2025-05-29,,,211.03,1351.48,,,NortonSecurity.exe,
App,2025-05-29,,,171.53,1109.48,,,dasHost.exe,
App,2025-05-29,,,85.76,554.74,,,services.exe,
App,2025-05-29,,,128.64,832.11,,,SearchApp.exe,
App,2025-05-29,,,85.76,554.74,,,Telegram.exe,
App,2025-05-29,,,42.88,277.37,,,ollama.exe,
App,2025-05-29,,,41.58,264.03,,,SDXHelper.exe,
App,2025-05-29,,,807.92,5196.6,,,msedge.exe,
App,2025-05-29,,,127.23,817.29,,,ollama app.exe,
App,2025-05-29,,,84.53,543.37,,,browser_assistant.exe,
App,2025-05-29,,,42.68,274.8,,,gamingservices.exe,
App,2025-05-29,,,42.88,277.37,,,FileCoAuth.exe,
DailyState,2025-05-29,,,41.32,261.19,17.94,,,
DailyState,2025-05-29,,,41.32,261.19,19.52,,,
DailyState,2025-05-29,,,41.32,261.19,20.29,,,
DailyState,2025-05-29,,,41.32,261.19,20.63,,,
DailyState,2025-05-29,,,41.32,261.19,22.63,,,
App,2025-05-29,,,4641.75,29809.61,,,chrome.exe,
App,2025-05-29,,,733.95,4760.93,,,WhatsApp.exe,
App,2025-05-29,,,87.6,569.82,,,lsass.exe,
App,2025-05-29,,,87.6,569.82,,,spoolsv.exe,
App,2025-05-29,,,3163.56,20473.81,,,svchost.exe,
App,2025-05-29,,,87.6,569.82,,,Bridge_Service.exe,
App,2025-05-29,,,306.61,1994.37,,,System,
App,2025-05-29,,,818.99,5288.37,,,Dropbox.exe,
App,2025-05-29,,,87.6,569.82,,,wininit.exe,
App,2025-05-29,,,335.3,2137.06,,,wpscloudsvr.exe,
App,2025-05-29,,,428.75,2767.2,,,NortonSecurity.exe,
App,2025-05-29,,,175.21,1139.64,,,dasHost.exe,
App,2025-05-29,,,87.6,569.82,,,services.exe,
App,2025-05-29,,,131.4,854.73,,,SearchApp.exe,
App,2025-05-29,,,87.6,569.82,,,Telegram.exe,
App,2025-05-29,,,43.8,284.91,,,ollama.exe,
App,2025-05-29,,,43.06,279.63,,,SDXHelper.exe,
App,2025-05-29,,,809.86,5213.06,,,msedge.exe,
App,2025-05-29,,,127.23,817.29,,,ollama app.exe,
App,2025-05-29,,,84.53,543.37,,,browser_assistant.exe,
App,2025-05-29,,,43.35,279.8,,,gamingservices.exe,
App,2025-05-29,,,42.91,277.81,,,FileCoAuth.exe,
App,2025-05-29,,,87.51,567.44,,,backgroundTaskHost.exe,
App,2025-05-29,,,43.8,284.91,,,MsMpEng.exe,
App,2025-05-29,,,876.03,5698.21,,,msedgewebview2.exe,
DailyState,2025-05-29,,,41.32,261.19,26.51,,,
DailyState,2025-05-29,,,41.32,261.19,31.29,,,
DailyState,2025-05-29,,,41.32,261.19,33.05,,,
DailyState,2025-05-29,,,41.32,261.19,36.16,,,
DailyState,2025-05-29,,,41.32,261.19,37.88,,,
App,2025-05-29,,,8961.25,58440.71,,,chrome.exe,
App,2025-05-29,,,734.94,4773.77,,,WhatsApp.exe,
App,2025-05-29,,,89.58,595.5,,,lsass.exe,
App,2025-05-29,,,89.58,595.5,,,spoolsv.exe,
App,2025-05-29,,,3776.41,24742.31,,,svchost.exe,
App,2025-05-29,,,89.58,595.5,,,Bridge_Service.exe,
App,2025-05-29,,,313.53,2084.27,,,System,
App,2025-05-29,,,873.67,5714.54,,,Dropbox.exe,
App,2025-05-29,,,89.58,595.5,,,wininit.exe,
App,2025-05-29,,,336.29,2149.9,,,wpscloudsvr.exe,
App,2025-05-29,,,430.78,2794.29,,,NortonSecurity.exe,
App,2025-05-29,,,179.16,1191.01,,,dasHost.exe,
App,2025-05-29,,,89.58,595.5,,,services.exe,
App,2025-05-29,,,134.37,893.26,,,SearchApp.exe,
App,2025-05-29,,,89.58,595.5,,,Telegram.exe,
App,2025-05-29,,,44.79,297.75,,,ollama.exe,
App,2025-05-29,,,43.06,279.63,,,SDXHelper.exe,
App,2025-05-29,,,811.84,5238.74,,,msedge.exe,
App,2025-05-29,,,127.23,817.29,,,ollama app.exe,
App,2025-05-29,,,84.53,543.37,,,browser_assistant.exe,
App,2025-05-29,,,44.48,294.56,,,gamingservices.exe,
App,2025-05-29,,,42.91,277.81,,,FileCoAuth.exe,
App,2025-05-29,,,87.51,567.44,,,backgroundTaskHost.exe,
App,2025-05-29,,,43.82,285.5,,,MsMpEng.exe,
App,2025-05-29,,,888.58,5858.24,,,msedgewebview2.exe,
App,2025-05-29,,,44.2,291.25,,,OfficeClickToRun.exe,
DailyState,2025-05-29,,,41.32,261.19,40.04,,,
DailyState,2025-05-29,,,41.32,261.19,44.73,,,
DailyState,2025-05-29,,,41.32,261.19,51.74,,,
DailyState,2025-05-29,,,41.32,261.19,59.81,,,
DailyState,2025-05-29,,,41.32,261.19,63.07,,,
App,2025-05-29,,,13943.35,92369.75,,,chrome.exe,
App,2025-05-29,,,737.13,4796.35,,,WhatsApp.exe,
App,2025-05-29,,,93.98,640.67,,,lsass.exe,
App,2025-05-29,,,93.98,640.66,,,spoolsv.exe,
App,2025-05-29,,,5430.55,36258.77,,,svchost.exe,
App,2025-05-29,,,93.98,640.67,,,Bridge_Service.exe,
App,2025-05-29,,,328.92,2242.34,,,System,
App,2025-05-29,,,991.38,6601.75,,,Dropbox.exe,
App,2025-05-29,,,93.98,640.67,,,wininit.exe,
App,2025-05-29,,,338.49,2172.49,,,wpscloudsvr.exe,
App,2025-05-29,,,479.67,3135.72,,,NortonSecurity.exe,
App,2025-05-29,,,187.95,1281.33,,,dasHost.exe,
App,2025-05-29,,,93.98,640.67,,,services.exe,
App,2025-05-29,,,140.97,961.0,,,SearchApp.exe,
App,2025-05-29,,,93.98,640.67,,,Telegram.exe,
App,2025-05-29,,,46.99,320.34,,,ollama.exe,
App,2025-05-29,,,45.44,306.31,,,SDXHelper.exe,
App,2025-05-29,,,816.23,5283.9,,,msedge.exe,
App,2025-05-29,,,127.23,817.29,,,ollama app.exe,
App,2025-05-29,,,84.53,543.37,,,browser_assistant.exe,
App,2025-05-29,,,46.44,316.12,,,gamingservices.exe,
App,2025-05-29,,,42.91,277.81,,,FileCoAuth.exe,
App,2025-05-29,,,87.51,567.44,,,backgroundTaskHost.exe,
App,2025-05-29,,,43.82,285.5,,,MsMpEng.exe,
App,2025-05-29,,,912.76,6106.65,,,msedgewebview2.exe,
App,2025-05-29,,,44.2,291.25,,,OfficeClickToRun.exe,
App,2025-05-29,,,45.44,306.3,,,MoUsoCoreWorker.exe,
DailyState,2025-05-29,,,41.32,261.19,68.05,,,
DailyState,2025-05-29,,,41.32,261.19,87.3,,,
DailyState,2025-05-29,,,41.32,261.19,95.51,,,
DailyState,2025-05-29,,,41.32,261.19,106.22,,,
DailyState,2025-05-29,,,41.32,261.19,114.82,,,
App,2025-05-29,,,33966.83,234628.87,,,chrome.exe,
App,2025-05-29,,,1619.75,11083.62,,,WhatsApp.exe,
App,2025-05-29,,,104.11,739.26,,,lsass.exe,
App,2025-05-29,,,104.1,738.92,,,spoolsv.exe,
App,2025-05-29,,,7314.08,50230.95,,,svchost.exe,
App,2025-05-29,,,104.12,739.24,,,Bridge_Service.exe,
App,2025-05-29,,,364.41,2587.23,,,System,
App,2025-05-29,,,1099.11,7512.27,,,Dropbox.exe,
App,2025-05-29,,,104.1,738.95,,,wininit.exe,
App,2025-05-29,,,343.56,2221.79,,,wpscloudsvr.exe,
App,2025-05-29,,,585.29,3903.84,,,NortonSecurity.exe,
App,2025-05-29,,,208.19,1477.92,,,dasHost.exe,
App,2025-05-29,,,104.12,739.17,,,services.exe,
App,2025-05-29,,,156.18,1108.9,,,SearchApp.exe,
App,2025-05-29,,,104.11,739.09,,,Telegram.exe,
App,2025-05-29,,,52.05,369.58,,,ollama.exe,
App,2025-05-29,,,45.44,306.31,,,SDXHelper.exe,
App,2025-05-29,,,826.35,5382.29,,,msedge.exe,
App,2025-05-29,,,127.23,817.29,,,ollama app.exe,
App,2025-05-29,,,84.53,543.37,,,browser_assistant.exe,
App,2025-05-29,,,50.53,358.87,,,gamingservices.exe,
App,2025-05-29,,,42.91,277.81,,,FileCoAuth.exe,
App,2025-05-29,,,140.78,982.72,,,backgroundTaskHost.exe,
App,2025-05-29,,,43.82,285.5,,,MsMpEng.exe,
App,2025-05-29,,,964.82,6626.77,,,msedgewebview2.exe,
App,2025-05-29,,,44.2,291.25,,,OfficeClickToRun.exe,
App,2025-05-29,,,45.44,306.3,,,MoUsoCoreWorker.exe,
App,2025-05-29,,,47.95,334.14,,,Zoom.exe,
DailyState,2025-05-29,,,41.32,261.19,120.12,,,
DailyState,2025-05-29,,,41.32,261.19,125.33,,,
DailyState,2025-05-29,,,41.32,261.19,133.15,,,
DailyState,2025-05-29,,,41.32,261.19,133.91,,,
DailyState,2025-05-29,,,41.32,261.19,135.99,,,
